Plataforma,Fecha,Hora,Nombre,Precio
MercadoLibre,25/12/2024,7:20:28 p.m.,"Disco Bumper 35 Lbs Altera Hi Temp Olimpico Profesional Color Amarillo",1277.00
MercadoLibre,26/12/2024,1:44:16 a.m.,"Disco Bumper 35 Lbs Altera Hi Temp Olimpico Profesional Color Amarillo",1277.00
MercadoLibre,26/12/2024,12:34:18 p.m.,"Disco Bumper 35 Lbs Altera Hi Temp Olimpico Profesional Color Amarillo",1393.18
MercadoLibre,27/12/2024,1:13:53 a.m.,"Disco Bumper 35 Lbs Altera Hi Temp Olimpico Profesional Color Amarillo",1277.00
Amazon,27/12/2024,1:14:17 a.m.,"Sin nombre",undefined.00
MercadoLibre,27/12/2024,1:19:27 a.m.,"Disco Bumper 35 Lbs Altera Hi Temp Olimpico Profesional Color Amarillo",1277.00
Amazon,27/12/2024,1:19:45 a.m.,"Sin nombre",undefined.00
MercadoLibre,27/12/2024,12:34:15 p.m.,"Disco Bumper 35 Lbs Altera Hi Temp Olimpico Profesional Color Amarillo",1393.18
Amazon,27/12/2024,12:34:35 p.m.,"Sin nombre",undefined.00
MercadoLibre,28/12/2024,1:18:03 a.m.,"Disco Bumper 35 Lbs Altera Hi Temp Olimpico Profesional Color Amarillo",1393.18
Amazon,28/12/2024,1:18:25 a.m.,"Sin nombre",undefined.00
